L.P.;Nazwa;Materiał;Średnica d1;Średnica d2;Średnica d3;Połączenie;
1.;Kolano (90st);PVC;d12;;; Klejone;
2.;Kolano (90st);PVC;d16;;; Klejone;
3.;Kolano (90st);PVC;d20;;; Klejone;
4.;Kolano (90st);PVC;d25;;; Klejone;
5.;Kolano (90st);PVC;d32;;; Klejone;
6.;Kolano (90st);PVC;d40;;; Klejone;
7.;Kolano (90st);PVC;d50;;; Klejone;
8.;Kolano (90st);PVC;d63;;; Klejone;
9.;Kolano (90st);PVC;d75;;; Klejone;
10.;Kolano (90st);PVC;d90;;; Klejone;
11.;Kolano (90st);PVC;d110;;; Klejone;
12.;Kolano (45st);PVC;d12;;; Klejone;
13.;Kolano (45st);PVC;d16;;; Klejone;
14.;Kolano (45st);PVC;d20;;; Klejone;
15.;Kolano (45st);PVC;d25;;; Klejone;
16.;Kolano (45st);PVC;d32;;; Klejone;
17.;Kolano (45st);PVC;d40;;; Klejone;
18.;Kolano (45st);PVC;d50;;; Klejone;
19.;Kolano (45st);PVC;d63;;; Klejone;
20.;Kolano (45st);PVC;d75;;; Klejone;
21.;Kolano (45st);PVC;d90;;; Klejone;
22.;Kolano (45st);PVC;d110;;; Klejone;
23.;Trójnik;PVC;d12;;; Klejone;
24.;Trójnik;PVC;d16;;; Klejone;
25.;Trójnik;PVC;d20;;; Klejone;
26.;Trójnik;PVC;d25;;; Klejone;
27.;Trójnik;PVC;d32;;; Klejone;
28.;Trójnik;PVC;d40;;; Klejone;
29.;Trójnik;PVC;d50;;; Klejone;
30.;Trójnik;PVC;d63;;; Klejone;
31.;Trójnik;PVC;d75;;; Klejone;
32.;Trójnik;PVC;d90;;; Klejone;
33.;Trójnik;PVC;d110;;; Klejone;
34.;Czwórnik;PVC;d12;;; Klejone;
35.;Czwórnik;PVC;d16;;; Klejone;
36.;Czwórnik;PVC;d20;;; Klejone;
37.;Czwórnik;PVC;d25;;; Klejone;
38.;Czwórnik;PVC;d32;;; Klejone;
39.;Czwórnik;PVC;d40;;; Klejone;
40.;Czwórnik;PVC;d50;;; Klejone;
41.;Czwórnik;PVC;d63;;; Klejone;
42.;Czwórnik;PVC;d75;;; Klejone;
43.;Czwórnik;PVC;d90;;; Klejone;
44.;Czwórnik;PVC;d110;;; Klejone;
45.;Dwuzłączka;PVC;d12;;; Klejone;
46.;Dwuzłączka;PVC;d16;;; Klejone;
47.;Dwuzłączka;PVC;d20;;; Klejone;
48.;Dwuzłączka;PVC;d25;;; Klejone;
49.;Dwuzłączka;PVC;d32;;; Klejone;
50.;Dwuzłączka;PVC;d40;;; Klejone;
51.;Dwuzłączka;PVC;d50;;; Klejone;
52.;Dwuzłączka;PVC;d63;;; Klejone;
53.;Dwuzłączka;PVC;d75;;; Klejone;
54.;Dwuzłączka;PVC;d90;;; Klejone;
55.;Dwuzłączka;PVC;d110;;; Klejone;
56.;Mufa;PVC;d12;;; Klejone;
57.;Mufa;PVC;d16;;; Klejone;
58.;Mufa;PVC;d20;;; Klejone;
59.;Mufa;PVC;d25;;; Klejone;
60.;Mufa;PVC;d32;;; Klejone;
61.;Mufa;PVC;d40;;; Klejone;
62.;Mufa;PVC;d50;;; Klejone;
63.;Mufa;PVC;d63;;; Klejone;
64.;Mufa;PVC;d75;;; Klejone;
65.;Mufa;PVC;d90;;; Klejone;
66.;Mufa;PVC;d110;;; Klejone;
67.;Korek;PVC;d12;;; Klejone;
68.;Korek;PVC;d16;;; Klejone;
69.;Korek;PVC;d20;;; Klejone;
70.;Korek;PVC;d25;;; Klejone;
71.;Korek;PVC;d32;;; Klejone;
72.;Korek;PVC;d40;;; Klejone;
73.;Korek;PVC;d50;;; Klejone;
74.;Korek;PVC;d63;;; Klejone;
75.;Korek;PVC;d75;;; Klejone;
76.;Korek;PVC;d90;;; Klejone;
77.;Korek;PVC;d110;;; Klejone;
78.;Tuleja kołnierzowa;PVC;d12;;; Klejone;
79.;Tuleja kołnierzowa;PVC;d16;;; Klejone;
80.;Tuleja kołnierzowa;PVC;d20;;; Klejone;
81.;Tuleja kołnierzowa;PVC;d25;;; Klejone;
82.;Tuleja kołnierzowa;PVC;d32;;; Klejone;
83.;Tuleja kołnierzowa;PVC;d40;;; Klejone;
84.;Tuleja kołnierzowa;PVC;d50;;; Klejone;
85.;Tuleja kołnierzowa;PVC;d63;;; Klejone;
86.;Tuleja kołnierzowa;PVC;d75;;; Klejone;
87.;Tuleja kołnierzowa;PVC;d90;;; Klejone;
88.;Tuleja kołnierzowa;PVC;d110;;; Klejone;
89.;Kołnierz;PVC;d12;;; Klejone;
90.;Kołnierz;PVC;d16;;; Klejone;
91.;Kołnierz;PVC;d20;;; Klejone;
92.;Kołnierz;PVC;d25;;; Klejone;
93.;Kołnierz;PVC;d32;;; Klejone;
94.;Kołnierz;PVC;d40;;; Klejone;
95.;Kołnierz;PVC;d50;;; Klejone;
96.;Kołnierz;PVC;d63;;; Klejone;
97.;Kołnierz;PVC;d75;;; Klejone;
98.;Kołnierz;PVC;d90;;; Klejone;
99.;Kołnierz;PVC;d110;;; Klejone;
100.;Złączka węża;PVC;d12;d12;; Klejone;
101.;Złączka węża;PVC;d16;d16;; Klejone;
102.;Złączka węża;PVC;d20;d20;; Klejone;
103.;Złączka węża;PVC;d25;d25;; Klejone;
104.;Złączka węża;PVC;d32;d32;; Klejone;
105.;Złączka węża;PVC;d40;d40;; Klejone;
106.;Złączka węża;PVC;d50;d50;; Klejone;
107.;Złączka węża;PVC;d63;d63;; Klejone;
108.;Redukcja krótka;PVC;d16;d12;; Klejone;
109.;Redukcja krótka;PVC;d20;d10;; Klejone;
110.;Redukcja krótka;PVC;d20;d12;; Klejone;
111.;Redukcja krótka;PVC;d20;d16;; Klejone;
112.;Redukcja krótka;PVC;d25;d12;; Klejone;
113.;Redukcja krótka;PVC;d25;d16;; Klejone;
114.;Redukcja krótka;PVC;d25;d20;; Klejone;
115.;Redukcja krótka;PVC;d32;d16;; Klejone;
116.;Redukcja krótka;PVC;d32;d20;; Klejone;
117.;Redukcja krótka;PVC;d32;d25;; Klejone;
118.;Redukcja krótka;PVC;d40;d16;; Klejone;
119.;Redukcja krótka;PVC;d40;d20;; Klejone;
120.;Redukcja krótka;PVC;d40;d25;; Klejone;
121.;Redukcja krótka;PVC;d40;d32;; Klejone;
122.;Redukcja krótka;PVC;d50;d20;; Klejone;
123.;Redukcja krótka;PVC;d50;d25;; Klejone;
124.;Redukcja krótka;PVC;d50;d32;; Klejone;
125.;Redukcja krótka;PVC;d50;d40;; Klejone;
126.;Redukcja krótka;PVC;d63;d32;; Klejone;
127.;Redukcja krótka;PVC;d63;d40;; Klejone;
128.;Redukcja krótka;PVC;d63;d50;; Klejone;
129.;Redukcja krótka;PVC;d75;d32;; Klejone;
130.;Redukcja krótka;PVC;d75;d40;; Klejone;
131.;Redukcja krótka;PVC;d75;d50;; Klejone;
132.;Redukcja krótka;PVC;d75;d63;; Klejone;
133.;Redukcja krótka;PVC;d90;d50;; Klejone;
134.;Redukcja krótka;PVC;d90;d63;; Klejone;
135.;Redukcja krótka;PVC;d90;d75;; Klejone;
136.;Redukcja krótka;PVC;d110;d50;; Klejone;
137.;Redukcja krótka;PVC;d110;d63;; Klejone;
138.;Redukcja krótka;PVC;d110;d75;; Klejone;
139.;Redukcja krótka;PVC;d110;d90;; Klejone;
140.;Redukcja krótka;PVC;d125;d75;; Klejone;
141.;Redukcja krótka;PVC;d125;d90;; Klejone;
142.;Redukcja krótka;PVC;d125;d110;; Klejone;
143.;Redukcja krótka;PVC;d140;d75;; Klejone;
144.;Redukcja krótka;PVC;d140;d90;; Klejone;
145.;Redukcja krótka;PVC;d140;d110;; Klejone;
146.;Redukcja krótka;PVC;d140;d125;; Klejone;
147.;Redukcja krótka;PVC;d160;d90;; Klejone;
148.;Redukcja krótka;PVC;d160;d110;; Klejone;
149.;Redukcja krótka;PVC;d160;d125;; Klejone;
150.;Redukcja krótka;PVC;d160;d140;; Klejone;
151.;Redukcja krótka;PVC;d200;d110;; Klejone;
152.;Redukcja krótka;PVC;d200;d125;; Klejone;
153.;Redukcja krótka;PVC;d200;d140;; Klejone;
154.;Redukcja krótka;PVC;d200;d160;; Klejone;
155.;Redukcja długa;PVC;d12;d16;d8; Klejone;
156.;Redukcja długa;PVC;d20;d25;d16; Klejone;
157.;Redukcja długa;PVC;d20;d25;d20; Klejone;
158.;Redukcja długa;PVC;d25;d32;d16; Klejone;
159.;Redukcja długa;PVC;d25;d32;d20; Klejone;
160.;Redukcja długa;PVC;d25;d32;d25; Klejone;
161.;Redukcja długa;PVC;d32;d40;d16; Klejone;
162.;Redukcja długa;PVC;d32;d40;d20; Klejone;
163.;Redukcja długa;PVC;d32;d40;d25; Klejone;
164.;Redukcja długa;PVC;d32;d40;d32; Klejone;
165.;Redukcja długa;PVC;d40;d50;d20; Klejone;
166.;Redukcja długa;PVC;d40;d50;d25; Klejone;
167.;Redukcja długa;PVC;d40;d50;d32; Klejone;
168.;Redukcja długa;PVC;d40;d50;d40; Klejone;
169.;Redukcja długa;PVC;d50;d63;d32; Klejone;
170.;Redukcja długa;PVC;d50;d63;d40; Klejone;
171.;Redukcja długa;PVC;d50;d63;d50; Klejone;
172.;Redukcja długa;PVC;d50;d63;d63; Klejone;
173.;Redukcja długa;PVC;d63;d75;d32; Klejone;
174.;Redukcja długa;PVC;d63;d75;d40; Klejone;
175.;Redukcja długa;PVC;d63;d75;d50; Klejone;
176.;Redukcja długa;PVC;d63;d75;d63; Klejone;
177.;Redukcja długa;PVC;d75;d90;d40; Klejone;
178.;Redukcja długa;PVC;d75;d90;d50; Klejone;
179.;Redukcja długa;PVC;d75;d90;d63; Klejone;
180.;Redukcja długa;PVC;d75;d90;d75; Klejone;
181.;Redukcja długa;PVC;d90;d110;d50; Klejone;
182.;Redukcja długa;PVC;d90;d110;d63; Klejone;
183.;Redukcja długa;PVC;d90;d110;d75; Klejone;
184.;Redukcja długa;PVC;d90;d110;d90; Klejone;
185.;Redukcja długa;PVC;d110;d125;d63; Klejone;
186.;Redukcja długa;PVC;d110;d125;d75; Klejone;
187.;Redukcja długa;PVC;d110;d125;d90; Klejone;
188.;Redukcja długa;PVC;d110;d125;d110; Klejone;
189.;Rura;PVC;d16;;; Klejone;
190.;Rura;PVC;d20;;; Klejone;
191.;Rura;PVC;d25;;; Klejone;
192.;Rura;PVC;d32;;; Klejone;
193.;Rura;PVC;d40;;; Klejone;
194.;Rura;PVC;d50;;; Klejone;
195.;Rura;PVC;d63;;; Klejone;
196.;Rura;PVC;d75;;; Klejone;
197.;Rura;PVC;d90;;; Klejone;
198.;Rura;PVC;d110;;; Klejone;
199.;Rura;PVC;d125;;; Klejone;
200.;Rura;PVC;d140;;; Klejone;
201.;Rura;PVC;d160;;; Klejone;
202.;Rura;PVC;d200;;; Klejone;
203.;Uchwyt;metal/guma;d16;;;;
204.;Uchwyt;metal/guma;d20;;;;
205.;Uchwyt;metal/guma;d25;;;;
206.;Uchwyt;metal/guma;d32;;;;
207.;Uchwyt;metal/guma;d40;;;;
208.;Uchwyt;metal/guma;d50;;;;
209.;Uchwyt;metal/guma;d63;;;;
210.;Uchwyt;metal/guma;d75;;;;
211.;Uchwyt;metal/guma;d90;;;;
212.;Uchwyt;metal/guma;d110;;;;
213.;Uchwyt;metal/guma;d125;;;;
214.;Uchwyt;metal/guma;d140;;;;
215.;Uchwyt;metal/guma;d160;;;;
216.;Uchwyt;metal/guma;d200;;;;
217.;Uchwyt;plastik;d16;;;;
218.;Uchwyt;plastik;d20;;;;
219.;Uchwyt;plastik;d25;;;;
220.;Uchwyt;plastik;d32;;;;
221.;Uchwyt;plastik;d40;;;;
222.;Uchwyt;plastik;d50;;;;
223.;Uchwyt;plastik;d63;;;;
224.;Uchwyt;plastik;d75;;;;
225.;Uchwyt;plastik;d90;;;;
226.;Uchwyt;plastik;d110;;;;
227.;Uchwyt;plastik;d125;;;;
228.;Uchwyt;plastik;d140;;;;
229.;Uchwyt;plastik;d160;;;;
230.;Uchwyt;plastik;d200;;;;
231.;Kolano (90st);PP;d12;;;Zgrzewanie doczołowe;
232.;Kolano (90st);PP;d16;;;Zgrzewanie doczołowe;
233.;Kolano (90st);PP;d20;;;Zgrzewanie doczołowe;
234.;Kolano (90st);PP;d25;;;Zgrzewanie doczołowe;
235.;Kolano (90st);PP;d32;;;Zgrzewanie doczołowe;
236.;Kolano (90st);PP;d40;;;Zgrzewanie doczołowe;
237.;Kolano (90st);PP;d50;;;Zgrzewanie doczołowe;
238.;Kolano (90st);PP;d63;;;Zgrzewanie doczołowe;
239.;Kolano (90st);PP;d75;;;Zgrzewanie doczołowe;
240.;Kolano (90st);PP;d90;;;Zgrzewanie doczołowe;
241.;Kolano (90st);PP;d110;;;Zgrzewanie doczołowe;
242.;Kolano (45st);PP;d12;;;Zgrzewanie doczołowe;
243.;Kolano (45st);PP;d16;;;Zgrzewanie doczołowe;
244.;Kolano (45st);PP;d20;;;Zgrzewanie doczołowe;
245.;Kolano (45st);PP;d25;;;Zgrzewanie doczołowe;
246.;Kolano (45st);PP;d32;;;Zgrzewanie doczołowe;
247.;Kolano (45st);PP;d40;;;Zgrzewanie doczołowe;
248.;Kolano (45st);PP;d50;;;Zgrzewanie doczołowe;
249.;Kolano (45st);PP;d63;;;Zgrzewanie doczołowe;
250.;Kolano (45st);PP;d75;;;Zgrzewanie doczołowe;
251.;Kolano (45st);PP;d90;;;Zgrzewanie doczołowe;
252.;Kolano (45st);PP;d110;;;Zgrzewanie doczołowe;
253.;Trójnik;PP;d12;;;Zgrzewanie doczołowe;
254.;Trójnik;PP;d16;;;Zgrzewanie doczołowe;
255.;Trójnik;PP;d20;;;Zgrzewanie doczołowe;
256.;Trójnik;PP;d25;;;Zgrzewanie doczołowe;
257.;Trójnik;PP;d32;;;Zgrzewanie doczołowe;
258.;Trójnik;PP;d40;;;Zgrzewanie doczołowe;
259.;Trójnik;PP;d50;;;Zgrzewanie doczołowe;
260.;Trójnik;PP;d63;;;Zgrzewanie doczołowe;
261.;Trójnik;PP;d75;;;Zgrzewanie doczołowe;
262.;Trójnik;PP;d90;;;Zgrzewanie doczołowe;
263.;Trójnik;PP;d110;;;Zgrzewanie doczołowe;
264.;Czwórnik;PP;d12;;;Zgrzewanie doczołowe;
265.;Czwórnik;PP;d16;;;Zgrzewanie doczołowe;
266.;Czwórnik;PP;d20;;;Zgrzewanie doczołowe;
267.;Czwórnik;PP;d25;;;Zgrzewanie doczołowe;
268.;Czwórnik;PP;d32;;;Zgrzewanie doczołowe;
269.;Czwórnik;PP;d40;;;Zgrzewanie doczołowe;
270.;Czwórnik;PP;d50;;;Zgrzewanie doczołowe;
271.;Czwórnik;PP;d63;;;Zgrzewanie doczołowe;
272.;Czwórnik;PP;d75;;;Zgrzewanie doczołowe;
273.;Czwórnik;PP;d90;;;Zgrzewanie doczołowe;
274.;Czwórnik;PP;d110;;;Zgrzewanie doczołowe;
275.;Dwuzłączka;PP;d12;;;Zgrzewanie doczołowe;
276.;Dwuzłączka;PP;d16;;;Zgrzewanie doczołowe;
277.;Dwuzłączka;PP;d20;;;Zgrzewanie doczołowe;
278.;Dwuzłączka;PP;d25;;;Zgrzewanie doczołowe;
279.;Dwuzłączka;PP;d32;;;Zgrzewanie doczołowe;
280.;Dwuzłączka;PP;d40;;;Zgrzewanie doczołowe;
281.;Dwuzłączka;PP;d50;;;Zgrzewanie doczołowe;
282.;Dwuzłączka;PP;d63;;;Zgrzewanie doczołowe;
283.;Dwuzłączka;PP;d75;;;Zgrzewanie doczołowe;
284.;Dwuzłączka;PP;d90;;;Zgrzewanie doczołowe;
285.;Dwuzłączka;PP;d110;;;Zgrzewanie doczołowe;
286.;Mufa;PP;d12;;;Zgrzewanie doczołowe;
287.;Mufa;PP;d16;;;Zgrzewanie doczołowe;
288.;Mufa;PP;d20;;;Zgrzewanie doczołowe;
289.;Mufa;PP;d25;;;Zgrzewanie doczołowe;
290.;Mufa;PP;d32;;;Zgrzewanie doczołowe;
291.;Mufa;PP;d40;;;Zgrzewanie doczołowe;
292.;Mufa;PP;d50;;;Zgrzewanie doczołowe;
293.;Mufa;PP;d63;;;Zgrzewanie doczołowe;
294.;Mufa;PP;d75;;;Zgrzewanie doczołowe;
295.;Mufa;PP;d90;;;Zgrzewanie doczołowe;
296.;Mufa;PP;d110;;;Zgrzewanie doczołowe;
297.;Korek;PP;d12;;;Zgrzewanie doczołowe;
298.;Korek;PP;d16;;;Zgrzewanie doczołowe;
299.;Korek;PP;d20;;;Zgrzewanie doczołowe;
300.;Korek;PP;d25;;;Zgrzewanie doczołowe;
301.;Korek;PP;d32;;;Zgrzewanie doczołowe;
302.;Korek;PP;d40;;;Zgrzewanie doczołowe;
303.;Korek;PP;d50;;;Zgrzewanie doczołowe;
304.;Korek;PP;d63;;;Zgrzewanie doczołowe;
305.;Korek;PP;d75;;;Zgrzewanie doczołowe;
306.;Korek;PP;d90;;;Zgrzewanie doczołowe;
307.;Korek;PP;d110;;;Zgrzewanie doczołowe;
308.;Tuleja kołnierzowa;PP;d12;;;Zgrzewanie doczołowe;
309.;Tuleja kołnierzowa;PP;d16;;;Zgrzewanie doczołowe;
310.;Tuleja kołnierzowa;PP;d20;;;Zgrzewanie doczołowe;
311.;Tuleja kołnierzowa;PP;d25;;;Zgrzewanie doczołowe;
312.;Tuleja kołnierzowa;PP;d32;;;Zgrzewanie doczołowe;
313.;Tuleja kołnierzowa;PP;d40;;;Zgrzewanie doczołowe;
314.;Tuleja kołnierzowa;PP;d50;;;Zgrzewanie doczołowe;
315.;Tuleja kołnierzowa;PP;d63;;;Zgrzewanie doczołowe;
316.;Tuleja kołnierzowa;PP;d75;;;Zgrzewanie doczołowe;
317.;Tuleja kołnierzowa;PP;d90;;;Zgrzewanie doczołowe;
318.;Tuleja kołnierzowa;PP;d110;;;Zgrzewanie doczołowe;
319.;Kołnierz;PP;d12;;;Zgrzewanie doczołowe;
320.;Kołnierz;PP;d16;;;Zgrzewanie doczołowe;
321.;Kołnierz;PP;d20;;;Zgrzewanie doczołowe;
322.;Kołnierz;PP;d25;;;Zgrzewanie doczołowe;
323.;Kołnierz;PP;d32;;;Zgrzewanie doczołowe;
324.;Kołnierz;PP;d40;;;Zgrzewanie doczołowe;
325.;Kołnierz;PP;d50;;;Zgrzewanie doczołowe;
326.;Kołnierz;PP;d63;;;Zgrzewanie doczołowe;
327.;Kołnierz;PP;d75;;;Zgrzewanie doczołowe;
328.;Kołnierz;PP;d90;;;Zgrzewanie doczołowe;
329.;Kołnierz;PP;d110;;;Zgrzewanie doczołowe;
330.;Złączka węża;PP;d12;d12;;Zgrzewanie doczołowe;
331.;Złączka węża;PP;d16;d16;;Zgrzewanie doczołowe;
332.;Złączka węża;PP;d20;d20;;Zgrzewanie doczołowe;
333.;Złączka węża;PP;d25;d25;;Zgrzewanie doczołowe;
334.;Złączka węża;PP;d32;d32;;Zgrzewanie doczołowe;
335.;Złączka węża;PP;d40;d40;;Zgrzewanie doczołowe;
336.;Złączka węża;PP;d50;d50;;Zgrzewanie doczołowe;
337.;Złączka węża;PP;d63;d63;;Zgrzewanie doczołowe;
338.;Redukcja krótka;PP;d16;d12;;Zgrzewanie doczołowe;
339.;Redukcja krótka;PP;d20;d10;;Zgrzewanie doczołowe;
340.;Redukcja krótka;PP;d20;d12;;Zgrzewanie doczołowe;
341.;Redukcja krótka;PP;d20;d16;;Zgrzewanie doczołowe;
342.;Redukcja krótka;PP;d25;d12;;Zgrzewanie doczołowe;
343.;Redukcja krótka;PP;d25;d16;;Zgrzewanie doczołowe;
344.;Redukcja krótka;PP;d25;d20;;Zgrzewanie doczołowe;
345.;Redukcja krótka;PP;d32;d16;;Zgrzewanie doczołowe;
346.;Redukcja krótka;PP;d32;d20;;Zgrzewanie doczołowe;
347.;Redukcja krótka;PP;d32;d25;;Zgrzewanie doczołowe;
348.;Redukcja krótka;PP;d40;d16;;Zgrzewanie doczołowe;
349.;Redukcja krótka;PP;d40;d20;;Zgrzewanie doczołowe;
350.;Redukcja krótka;PP;d40;d25;;Zgrzewanie doczołowe;
351.;Redukcja krótka;PP;d40;d32;;Zgrzewanie doczołowe;
352.;Redukcja krótka;PP;d50;d20;;Zgrzewanie doczołowe;
353.;Redukcja krótka;PP;d50;d25;;Zgrzewanie doczołowe;
354.;Redukcja krótka;PP;d50;d32;;Zgrzewanie doczołowe;
355.;Redukcja krótka;PP;d50;d40;;Zgrzewanie doczołowe;
356.;Redukcja krótka;PP;d63;d32;;Zgrzewanie doczołowe;
357.;Redukcja krótka;PP;d63;d40;;Zgrzewanie doczołowe;
358.;Redukcja krótka;PP;d63;d50;;Zgrzewanie doczołowe;
359.;Redukcja krótka;PP;d75;d32;;Zgrzewanie doczołowe;
360.;Redukcja krótka;PP;d75;d40;;Zgrzewanie doczołowe;
361.;Redukcja krótka;PP;d75;d50;;Zgrzewanie doczołowe;
362.;Redukcja krótka;PP;d75;d63;;Zgrzewanie doczołowe;
363.;Redukcja krótka;PP;d90;d50;;Zgrzewanie doczołowe;
364.;Redukcja krótka;PP;d90;d63;;Zgrzewanie doczołowe;
365.;Redukcja krótka;PP;d90;d75;;Zgrzewanie doczołowe;
366.;Redukcja krótka;PP;d110;d50;;Zgrzewanie doczołowe;
367.;Redukcja krótka;PP;d110;d63;;Zgrzewanie doczołowe;
368.;Redukcja krótka;PP;d110;d75;;Zgrzewanie doczołowe;
369.;Redukcja krótka;PP;d110;d90;;Zgrzewanie doczołowe;
370.;Redukcja krótka;PP;d125;d75;;Zgrzewanie doczołowe;
371.;Redukcja krótka;PP;d125;d90;;Zgrzewanie doczołowe;
372.;Redukcja krótka;PP;d125;d110;;Zgrzewanie doczołowe;
373.;Redukcja krótka;PP;d140;d75;;Zgrzewanie doczołowe;
374.;Redukcja krótka;PP;d140;d90;;Zgrzewanie doczołowe;
375.;Redukcja krótka;PP;d140;d110;;Zgrzewanie doczołowe;
376.;Redukcja krótka;PP;d140;d125;;Zgrzewanie doczołowe;
377.;Redukcja krótka;PP;d160;d90;;Zgrzewanie doczołowe;
378.;Redukcja krótka;PP;d160;d110;;Zgrzewanie doczołowe;
379.;Redukcja krótka;PP;d160;d125;;Zgrzewanie doczołowe;
380.;Redukcja krótka;PP;d160;d140;;Zgrzewanie doczołowe;
381.;Redukcja krótka;PP;d200;d110;;Zgrzewanie doczołowe;
382.;Redukcja krótka;PP;d200;d125;;Zgrzewanie doczołowe;
383.;Redukcja krótka;PP;d200;d140;;Zgrzewanie doczołowe;
384.;Redukcja krótka;PP;d200;d160;;Zgrzewanie doczołowe;
385.;Redukcja długa;PP;d12;d16;d8;Zgrzewanie doczołowe;
386.;Redukcja długa;PP;d20;d25;d16;Zgrzewanie doczołowe;
387.;Redukcja długa;PP;d20;d25;d20;Zgrzewanie doczołowe;
388.;Redukcja długa;PP;d25;d32;d16;Zgrzewanie doczołowe;
389.;Redukcja długa;PP;d25;d32;d20;Zgrzewanie doczołowe;
390.;Redukcja długa;PP;d25;d32;d25;Zgrzewanie doczołowe;
391.;Redukcja długa;PP;d32;d40;d16;Zgrzewanie doczołowe;
392.;Redukcja długa;PP;d32;d40;d20;Zgrzewanie doczołowe;
393.;Redukcja długa;PP;d32;d40;d25;Zgrzewanie doczołowe;
394.;Redukcja długa;PP;d32;d40;d32;Zgrzewanie doczołowe;
395.;Redukcja długa;PP;d40;d50;d20;Zgrzewanie doczołowe;
396.;Redukcja długa;PP;d40;d50;d25;Zgrzewanie doczołowe;
397.;Redukcja długa;PP;d40;d50;d32;Zgrzewanie doczołowe;
398.;Redukcja długa;PP;d40;d50;d40;Zgrzewanie doczołowe;
399.;Redukcja długa;PP;d50;d63;d32;Zgrzewanie doczołowe;
400.;Redukcja długa;PP;d50;d63;d40;Zgrzewanie doczołowe;
401.;Redukcja długa;PP;d50;d63;d50;Zgrzewanie doczołowe;
402.;Redukcja długa;PP;d50;d63;d63;Zgrzewanie doczołowe;
403.;Redukcja długa;PP;d63;d75;d32;Zgrzewanie doczołowe;
404.;Redukcja długa;PP;d63;d75;d40;Zgrzewanie doczołowe;
405.;Redukcja długa;PP;d63;d75;d50;Zgrzewanie doczołowe;
406.;Redukcja długa;PP;d63;d75;d63;Zgrzewanie doczołowe;
407.;Redukcja długa;PP;d75;d90;d40;Zgrzewanie doczołowe;
408.;Redukcja długa;PP;d75;d90;d50;Zgrzewanie doczołowe;
409.;Redukcja długa;PP;d75;d90;d63;Zgrzewanie doczołowe;
410.;Redukcja długa;PP;d75;d90;d75;Zgrzewanie doczołowe;
411.;Redukcja długa;PP;d90;d110;d50;Zgrzewanie doczołowe;
412.;Redukcja długa;PP;d90;d110;d63;Zgrzewanie doczołowe;
413.;Redukcja długa;PP;d90;d110;d75;Zgrzewanie doczołowe;
414.;Redukcja długa;PP;d90;d110;d90;Zgrzewanie doczołowe;
415.;Redukcja długa;PP;d110;d125;d63;Zgrzewanie doczołowe;
416.;Redukcja długa;PP;d110;d125;d75;Zgrzewanie doczołowe;
417.;Redukcja długa;PP;d110;d125;d90;Zgrzewanie doczołowe;
418.;Redukcja długa;PP;d110;d125;d110;Zgrzewanie doczołowe;
419.;Rura;PP;d16;;;Zgrzewanie doczołowe;
420.;Rura;PP;d20;;;Zgrzewanie doczołowe;
421.;Rura;PP;d25;;;Zgrzewanie doczołowe;
422.;Rura;PP;d32;;;Zgrzewanie doczołowe;
423.;Rura;PP;d40;;;Zgrzewanie doczołowe;
424.;Rura;PP;d50;;;Zgrzewanie doczołowe;
425.;Rura;PP;d63;;;Zgrzewanie doczołowe;
426.;Rura;PP;d75;;;Zgrzewanie doczołowe;
427.;Rura;PP;d90;;;Zgrzewanie doczołowe;
428.;Rura;PP;d110;;;Zgrzewanie doczołowe;
429.;Rura;PP;d125;;;Zgrzewanie doczołowe;
430.;Rura;PP;d140;;;Zgrzewanie doczołowe;
431.;Rura;PP;d160;;;Zgrzewanie doczołowe;
432.;Rura;PP;d200;;;Zgrzewanie doczołowe;
433.;Kolano (90st);PE;d12;;;Mufowe;
434.;Kolano (90st);PE;d16;;;Mufowe;
435.;Kolano (90st);PE;d20;;;Mufowe;
436.;Kolano (90st);PE;d25;;;Mufowe;
437.;Kolano (90st);PE;d32;;;Mufowe;
438.;Kolano (90st);PE;d40;;;Mufowe;
439.;Kolano (90st);PE;d50;;;Mufowe;
440.;Kolano (90st);PE;d63;;;Mufowe;
441.;Kolano (90st);PE;d75;;;Mufowe;
442.;Kolano (90st);PE;d90;;;Mufowe;
443.;Kolano (90st);PE;d110;;;Mufowe;
444.;Kolano (45st);PE;d12;;;Mufowe;
445.;Kolano (45st);PE;d16;;;Mufowe;
446.;Kolano (45st);PE;d20;;;Mufowe;
447.;Kolano (45st);PE;d25;;;Mufowe;
448.;Kolano (45st);PE;d32;;;Mufowe;
449.;Kolano (45st);PE;d40;;;Mufowe;
450.;Kolano (45st);PE;d50;;;Mufowe;
451.;Kolano (45st);PE;d63;;;Mufowe;
452.;Kolano (45st);PE;d75;;;Mufowe;
453.;Kolano (45st);PE;d90;;;Mufowe;
454.;Kolano (45st);PE;d110;;;Mufowe;
455.;Trójnik;PE;d12;;;Mufowe;
456.;Trójnik;PE;d16;;;Mufowe;
457.;Trójnik;PE;d20;;;Mufowe;
458.;Trójnik;PE;d25;;;Mufowe;
459.;Trójnik;PE;d32;;;Mufowe;
460.;Trójnik;PE;d40;;;Mufowe;
461.;Trójnik;PE;d50;;;Mufowe;
462.;Trójnik;PE;d63;;;Mufowe;
463.;Trójnik;PE;d75;;;Mufowe;
464.;Trójnik;PE;d90;;;Mufowe;
465.;Trójnik;PE;d110;;;Mufowe;
466.;Czwórnik;PE;d12;;;Mufowe;
467.;Czwórnik;PE;d16;;;Mufowe;
468.;Czwórnik;PE;d20;;;Mufowe;
469.;Czwórnik;PE;d25;;;Mufowe;
470.;Czwórnik;PE;d32;;;Mufowe;
471.;Czwórnik;PE;d40;;;Mufowe;
472.;Czwórnik;PE;d50;;;Mufowe;
473.;Czwórnik;PE;d63;;;Mufowe;
474.;Czwórnik;PE;d75;;;Mufowe;
475.;Czwórnik;PE;d90;;;Mufowe;
476.;Czwórnik;PE;d110;;;Mufowe;
477.;Dwuzłączka;PE;d12;;;Mufowe;
478.;Dwuzłączka;PE;d16;;;Mufowe;
479.;Dwuzłączka;PE;d20;;;Mufowe;
480.;Dwuzłączka;PE;d25;;;Mufowe;
481.;Dwuzłączka;PE;d32;;;Mufowe;
482.;Dwuzłączka;PE;d40;;;Mufowe;
483.;Dwuzłączka;PE;d50;;;Mufowe;
484.;Dwuzłączka;PE;d63;;;Mufowe;
485.;Dwuzłączka;PE;d75;;;Mufowe;
486.;Dwuzłączka;PE;d90;;;Mufowe;
487.;Dwuzłączka;PE;d110;;;Mufowe;
488.;Mufa;PE;d12;;;Mufowe;
489.;Mufa;PE;d16;;;Mufowe;
490.;Mufa;PE;d20;;;Mufowe;
491.;Mufa;PE;d25;;;Mufowe;
492.;Mufa;PE;d32;;;Mufowe;
493.;Mufa;PE;d40;;;Mufowe;
494.;Mufa;PE;d50;;;Mufowe;
495.;Mufa;PE;d63;;;Mufowe;
496.;Mufa;PE;d75;;;Mufowe;
497.;Mufa;PE;d90;;;Mufowe;
498.;Mufa;PE;d110;;;Mufowe;
499.;Korek;PE;d12;;;Mufowe;
500.;Korek;PE;d16;;;Mufowe;
501.;Korek;PE;d20;;;Mufowe;
502.;Korek;PE;d25;;;Mufowe;
503.;Korek;PE;d32;;;Mufowe;
504.;Korek;PE;d40;;;Mufowe;
505.;Korek;PE;d50;;;Mufowe;
506.;Korek;PE;d63;;;Mufowe;
507.;Korek;PE;d75;;;Mufowe;
508.;Korek;PE;d90;;;Mufowe;
509.;Korek;PE;d110;;;Mufowe;
510.;Tuleja kołnierzowa;PE;d12;;;Mufowe;
511.;Tuleja kołnierzowa;PE;d16;;;Mufowe;
512.;Tuleja kołnierzowa;PE;d20;;;Mufowe;
513.;Tuleja kołnierzowa;PE;d25;;;Mufowe;
514.;Tuleja kołnierzowa;PE;d32;;;Mufowe;
515.;Tuleja kołnierzowa;PE;d40;;;Mufowe;
516.;Tuleja kołnierzowa;PE;d50;;;Mufowe;
517.;Tuleja kołnierzowa;PE;d63;;;Mufowe;
518.;Tuleja kołnierzowa;PE;d75;;;Mufowe;
519.;Tuleja kołnierzowa;PE;d90;;;Mufowe;
520.;Tuleja kołnierzowa;PE;d110;;;Mufowe;
521.;Kołnierz;PE;d12;;;Mufowe;
522.;Kołnierz;PE;d16;;;Mufowe;
523.;Kołnierz;PE;d20;;;Mufowe;
524.;Kołnierz;PE;d25;;;Mufowe;
525.;Kołnierz;PE;d32;;;Mufowe;
526.;Kołnierz;PE;d40;;;Mufowe;
527.;Kołnierz;PE;d50;;;Mufowe;
528.;Kołnierz;PE;d63;;;Mufowe;
529.;Kołnierz;PE;d75;;;Mufowe;
530.;Kołnierz;PE;d90;;;Mufowe;
531.;Kołnierz;PE;d110;;;Mufowe;
532.;Złączka węża;PE;d12;d12;;Mufowe;
533.;Złączka węża;PE;d16;d16;;Mufowe;
534.;Złączka węża;PE;d20;d20;;Mufowe;
535.;Złączka węża;PE;d25;d25;;Mufowe;
536.;Złączka węża;PE;d32;d32;;Mufowe;
537.;Złączka węża;PE;d40;d40;;Mufowe;
538.;Złączka węża;PE;d50;d50;;Mufowe;
539.;Złączka węża;PE;d63;d63;;Mufowe;
540.;Redukcja krótka;PE;d16;d12;;Mufowe;
541.;Redukcja krótka;PE;d20;d10;;Mufowe;
542.;Redukcja krótka;PE;d20;d12;;Mufowe;
543.;Redukcja krótka;PE;d20;d16;;Mufowe;
544.;Redukcja krótka;PE;d25;d12;;Mufowe;
545.;Redukcja krótka;PE;d25;d16;;Mufowe;
546.;Redukcja krótka;PE;d25;d20;;Mufowe;
547.;Redukcja krótka;PE;d32;d16;;Mufowe;
548.;Redukcja krótka;PE;d32;d20;;Mufowe;
549.;Redukcja krótka;PE;d32;d25;;Mufowe;
550.;Redukcja krótka;PE;d40;d16;;Mufowe;
551.;Redukcja krótka;PE;d40;d20;;Mufowe;
552.;Redukcja krótka;PE;d40;d25;;Mufowe;
553.;Redukcja krótka;PE;d40;d32;;Mufowe;
554.;Redukcja krótka;PE;d50;d20;;Mufowe;
555.;Redukcja krótka;PE;d50;d25;;Mufowe;
556.;Redukcja krótka;PE;d50;d32;;Mufowe;
557.;Redukcja krótka;PE;d50;d40;;Mufowe;
558.;Redukcja krótka;PE;d63;d32;;Mufowe;
559.;Redukcja krótka;PE;d63;d40;;Mufowe;
560.;Redukcja krótka;PE;d63;d50;;Mufowe;
561.;Redukcja krótka;PE;d75;d32;;Mufowe;
562.;Redukcja krótka;PE;d75;d40;;Mufowe;
563.;Redukcja krótka;PE;d75;d50;;Mufowe;
564.;Redukcja krótka;PE;d75;d63;;Mufowe;
565.;Redukcja krótka;PE;d90;d50;;Mufowe;
566.;Redukcja krótka;PE;d90;d63;;Mufowe;
567.;Redukcja krótka;PE;d90;d75;;Mufowe;
568.;Redukcja krótka;PE;d110;d50;;Mufowe;
569.;Redukcja krótka;PE;d110;d63;;Mufowe;
570.;Redukcja krótka;PE;d110;d75;;Mufowe;
571.;Redukcja krótka;PE;d110;d90;;Mufowe;
572.;Redukcja krótka;PE;d125;d75;;Mufowe;
573.;Redukcja krótka;PE;d125;d90;;Mufowe;
574.;Redukcja krótka;PE;d125;d110;;Mufowe;
575.;Redukcja krótka;PE;d140;d75;;Mufowe;
576.;Redukcja krótka;PE;d140;d90;;Mufowe;
577.;Redukcja krótka;PE;d140;d110;;Mufowe;
578.;Redukcja krótka;PE;d140;d125;;Mufowe;
579.;Redukcja krótka;PE;d160;d90;;Mufowe;
580.;Redukcja krótka;PE;d160;d110;;Mufowe;
581.;Redukcja krótka;PE;d160;d125;;Mufowe;
582.;Redukcja krótka;PE;d160;d140;;Mufowe;
583.;Redukcja krótka;PE;d200;d110;;Mufowe;
584.;Redukcja krótka;PE;d200;d125;;Mufowe;
585.;Redukcja krótka;PE;d200;d140;;Mufowe;
586.;Redukcja krótka;PE;d200;d160;;Mufowe;
587.;Redukcja długa;PE;d12;d16;d8;Mufowe;
588.;Redukcja długa;PE;d20;d25;d16;Mufowe;
589.;Redukcja długa;PE;d20;d25;d20;Mufowe;
590.;Redukcja długa;PE;d25;d32;d16;Mufowe;
591.;Redukcja długa;PE;d25;d32;d20;Mufowe;
592.;Redukcja długa;PE;d25;d32;d25;Mufowe;
593.;Redukcja długa;PE;d32;d40;d16;Mufowe;
594.;Redukcja długa;PE;d32;d40;d20;Mufowe;
595.;Redukcja długa;PE;d32;d40;d25;Mufowe;
596.;Redukcja długa;PE;d32;d40;d32;Mufowe;
597.;Redukcja długa;PE;d40;d50;d20;Mufowe;
598.;Redukcja długa;PE;d40;d50;d25;Mufowe;
599.;Redukcja długa;PE;d40;d50;d32;Mufowe;
600.;Redukcja długa;PE;d40;d50;d40;Mufowe;
601.;Redukcja długa;PE;d50;d63;d32;Mufowe;
602.;Redukcja długa;PE;d50;d63;d40;Mufowe;
603.;Redukcja długa;PE;d50;d63;d50;Mufowe;
604.;Redukcja długa;PE;d50;d63;d63;Mufowe;
605.;Redukcja długa;PE;d63;d75;d32;Mufowe;
606.;Redukcja długa;PE;d63;d75;d40;Mufowe;
607.;Redukcja długa;PE;d63;d75;d50;Mufowe;
608.;Redukcja długa;PE;d63;d75;d63;Mufowe;
609.;Redukcja długa;PE;d75;d90;d40;Mufowe;
610.;Redukcja długa;PE;d75;d90;d50;Mufowe;
611.;Redukcja długa;PE;d75;d90;d63;Mufowe;
612.;Redukcja długa;PE;d75;d90;d75;Mufowe;
613.;Redukcja długa;PE;d90;d110;d50;Mufowe;
614.;Redukcja długa;PE;d90;d110;d63;Mufowe;
615.;Redukcja długa;PE;d90;d110;d75;Mufowe;
616.;Redukcja długa;PE;d90;d110;d90;Mufowe;
617.;Redukcja długa;PE;d110;d125;d63;Mufowe;
618.;Redukcja długa;PE;d110;d125;d75;Mufowe;
619.;Redukcja długa;PE;d110;d125;d90;Mufowe;
620.;Redukcja długa;PE;d110;d125;d110;Mufowe;
621.;Rura;PE;d16;;;Doczołowe;
622.;Rura;PE;d20;;;Doczołowe;
623.;Rura;PE;d25;;;Doczołowe;
624.;Rura;PE;d32;;;Doczołowe;
625.;Rura;PE;d40;;;Doczołowe;
626.;Rura;PE;d50;;;Doczołowe;
627.;Rura;PE;d63;;;Doczołowe;
628.;Rura;PE;d75;;;Doczołowe;
629.;Rura;PE;d90;;;Doczołowe;
630.;Rura;PE;d110;;;Doczołowe;
631.;Rura;PE;d125;;;Doczołowe;
632.;Rura;PE;d140;;;Doczołowe;
633.;Rura;PE;d160;;;Doczołowe;
634.;Rura;PE;d200;;;Doczołowe;
635.;Kolano (90st);PE;d12;;;Doczołowe;
636.;Kolano (90st);PE;d16;;;Doczołowe;
637.;Kolano (90st);PE;d20;;;Doczołowe;
638.;Kolano (90st);PE;d25;;;Doczołowe;
639.;Kolano (90st);PE;d32;;;Doczołowe;
640.;Kolano (90st);PE;d40;;;Doczołowe;
641.;Kolano (90st);PE;d50;;;Doczołowe;
642.;Kolano (90st);PE;d63;;;Doczołowe;
643.;Kolano (90st);PE;d75;;;Doczołowe;
644.;Kolano (90st);PE;d90;;;Doczołowe;
645.;Kolano (90st);PE;d110;;;Doczołowe;
646.;Kolano (45st);PE;d12;;;Doczołowe;
647.;Kolano (45st);PE;d16;;;Doczołowe;
648.;Kolano (45st);PE;d20;;;Doczołowe;
649.;Kolano (45st);PE;d25;;;Doczołowe;
650.;Kolano (45st);PE;d32;;;Doczołowe;
651.;Kolano (45st);PE;d40;;;Doczołowe;
652.;Kolano (45st);PE;d50;;;Doczołowe;
653.;Kolano (45st);PE;d63;;;Doczołowe;
654.;Kolano (45st);PE;d75;;;Doczołowe;
655.;Kolano (45st);PE;d90;;;Doczołowe;
656.;Kolano (45st);PE;d110;;;Doczołowe;
657.;Trójnik;PE;d12;;;Doczołowe;
658.;Trójnik;PE;d16;;;Doczołowe;
659.;Trójnik;PE;d20;;;Doczołowe;
660.;Trójnik;PE;d25;;;Doczołowe;
661.;Trójnik;PE;d32;;;Doczołowe;
662.;Trójnik;PE;d40;;;Doczołowe;
663.;Trójnik;PE;d50;;;Doczołowe;
664.;Trójnik;PE;d63;;;Doczołowe;
665.;Trójnik;PE;d75;;;Doczołowe;
666.;Trójnik;PE;d90;;;Doczołowe;
667.;Trójnik;PE;d110;;;Doczołowe;
668.;Czwórnik;PE;d12;;;Doczołowe;
669.;Czwórnik;PE;d16;;;Doczołowe;
670.;Czwórnik;PE;d20;;;Doczołowe;
671.;Czwórnik;PE;d25;;;Doczołowe;
672.;Czwórnik;PE;d32;;;Doczołowe;
673.;Czwórnik;PE;d40;;;Doczołowe;
674.;Czwórnik;PE;d50;;;Doczołowe;
675.;Czwórnik;PE;d63;;;Doczołowe;
676.;Czwórnik;PE;d75;;;Doczołowe;
677.;Czwórnik;PE;d90;;;Doczołowe;
678.;Czwórnik;PE;d110;;;Doczołowe;
679.;Dwuzłączka;PE;d12;;;Doczołowe;
680.;Dwuzłączka;PE;d16;;;Doczołowe;
681.;Dwuzłączka;PE;d20;;;Doczołowe;
682.;Dwuzłączka;PE;d25;;;Doczołowe;
683.;Dwuzłączka;PE;d32;;;Doczołowe;
684.;Dwuzłączka;PE;d40;;;Doczołowe;
685.;Dwuzłączka;PE;d50;;;Doczołowe;
686.;Dwuzłączka;PE;d63;;;Doczołowe;
687.;Dwuzłączka;PE;d75;;;Doczołowe;
688.;Dwuzłączka;PE;d90;;;Doczołowe;
689.;Dwuzłączka;PE;d110;;;Doczołowe;
690.;Mufa;PE;d12;;;Doczołowe;
691.;Mufa;PE;d16;;;Doczołowe;
692.;Mufa;PE;d20;;;Doczołowe;
693.;Mufa;PE;d25;;;Doczołowe;
694.;Mufa;PE;d32;;;Doczołowe;
695.;Mufa;PE;d40;;;Doczołowe;
696.;Mufa;PE;d50;;;Doczołowe;
697.;Mufa;PE;d63;;;Doczołowe;
698.;Mufa;PE;d75;;;Doczołowe;
699.;Mufa;PE;d90;;;Doczołowe;
700.;Mufa;PE;d110;;;Doczołowe;
701.;Korek;PE;d12;;;Doczołowe;
702.;Korek;PE;d16;;;Doczołowe;
703.;Korek;PE;d20;;;Doczołowe;
704.;Korek;PE;d25;;;Doczołowe;
705.;Korek;PE;d32;;;Doczołowe;
706.;Korek;PE;d40;;;Doczołowe;
707.;Korek;PE;d50;;;Doczołowe;
708.;Korek;PE;d63;;;Doczołowe;
709.;Korek;PE;d75;;;Doczołowe;
710.;Korek;PE;d90;;;Doczołowe;
711.;Korek;PE;d110;;;Doczołowe;
712.;Tuleja kołnierzowa;PE;d12;;;Doczołowe;
713.;Tuleja kołnierzowa;PE;d16;;;Doczołowe;
714.;Tuleja kołnierzowa;PE;d20;;;Doczołowe;
715.;Tuleja kołnierzowa;PE;d25;;;Doczołowe;
716.;Tuleja kołnierzowa;PE;d32;;;Doczołowe;
717.;Tuleja kołnierzowa;PE;d40;;;Doczołowe;
718.;Tuleja kołnierzowa;PE;d50;;;Doczołowe;
719.;Tuleja kołnierzowa;PE;d63;;;Doczołowe;
720.;Tuleja kołnierzowa;PE;d75;;;Doczołowe;
721.;Tuleja kołnierzowa;PE;d90;;;Doczołowe;
722.;Tuleja kołnierzowa;PE;d110;;;Doczołowe;
723.;Kołnierz;PE;d12;;;Doczołowe;
724.;Kołnierz;PE;d16;;;Doczołowe;
725.;Kołnierz;PE;d20;;;Doczołowe;
726.;Kołnierz;PE;d25;;;Doczołowe;
727.;Kołnierz;PE;d32;;;Doczołowe;
728.;Kołnierz;PE;d40;;;Doczołowe;
729.;Kołnierz;PE;d50;;;Doczołowe;
730.;Kołnierz;PE;d63;;;Doczołowe;
731.;Kołnierz;PE;d75;;;Doczołowe;
732.;Kołnierz;PE;d90;;;Doczołowe;
733.;Kołnierz;PE;d110;;;Doczołowe;
734.;Złączka węża;PE;d12;d12;;Doczołowe;
735.;Złączka węża;PE;d16;d16;;Doczołowe;
736.;Złączka węża;PE;d20;d20;;Doczołowe;
737.;Złączka węża;PE;d25;d25;;Doczołowe;
738.;Złączka węża;PE;d32;d32;;Doczołowe;
739.;Złączka węża;PE;d40;d40;;Doczołowe;
740.;Złączka węża;PE;d50;d50;;Doczołowe;
741.;Złączka węża;PE;d63;d63;;Doczołowe;
742.;Redukcja krótka;PE;d16;d12;;Doczołowe;
743.;Redukcja krótka;PE;d20;d10;;Doczołowe;
744.;Redukcja krótka;PE;d20;d12;;Doczołowe;
745.;Redukcja krótka;PE;d20;d16;;Doczołowe;
746.;Redukcja krótka;PE;d25;d12;;Doczołowe;
747.;Redukcja krótka;PE;d25;d16;;Doczołowe;
748.;Redukcja krótka;PE;d25;d20;;Doczołowe;
749.;Redukcja krótka;PE;d32;d16;;Doczołowe;
750.;Redukcja krótka;PE;d32;d20;;Doczołowe;
751.;Redukcja krótka;PE;d32;d25;;Doczołowe;
752.;Redukcja krótka;PE;d40;d16;;Doczołowe;
753.;Redukcja krótka;PE;d40;d20;;Doczołowe;
754.;Redukcja krótka;PE;d40;d25;;Doczołowe;
755.;Redukcja krótka;PE;d40;d32;;Doczołowe;
756.;Redukcja krótka;PE;d50;d20;;Doczołowe;
757.;Redukcja krótka;PE;d50;d25;;Doczołowe;
758.;Redukcja krótka;PE;d50;d32;;Doczołowe;
759.;Redukcja krótka;PE;d50;d40;;Doczołowe;
760.;Redukcja krótka;PE;d63;d32;;Doczołowe;
761.;Redukcja krótka;PE;d63;d40;;Doczołowe;
762.;Redukcja krótka;PE;d63;d50;;Doczołowe;
763.;Redukcja krótka;PE;d75;d32;;Doczołowe;
764.;Redukcja krótka;PE;d75;d40;;Doczołowe;
765.;Redukcja krótka;PE;d75;d50;;Doczołowe;
766.;Redukcja krótka;PE;d75;d63;;Doczołowe;
767.;Redukcja krótka;PE;d90;d50;;Doczołowe;
768.;Redukcja krótka;PE;d90;d63;;Doczołowe;
769.;Redukcja krótka;PE;d90;d75;;Doczołowe;
770.;Redukcja krótka;PE;d110;d50;;Doczołowe;
771.;Redukcja krótka;PE;d110;d63;;Doczołowe;
772.;Redukcja krótka;PE;d110;d75;;Doczołowe;
773.;Redukcja krótka;PE;d110;d90;;Doczołowe;
774.;Redukcja krótka;PE;d125;d75;;Doczołowe;
775.;Redukcja krótka;PE;d125;d90;;Doczołowe;
776.;Redukcja krótka;PE;d125;d110;;Doczołowe;
777.;Redukcja krótka;PE;d140;d75;;Doczołowe;
778.;Redukcja krótka;PE;d140;d90;;Doczołowe;
779.;Redukcja krótka;PE;d140;d110;;Doczołowe;
780.;Redukcja krótka;PE;d140;d125;;Doczołowe;
781.;Redukcja krótka;PE;d160;d90;;Doczołowe;
782.;Redukcja krótka;PE;d160;d110;;Doczołowe;
783.;Redukcja krótka;PE;d160;d125;;Doczołowe;
784.;Redukcja krótka;PE;d160;d140;;Doczołowe;
785.;Redukcja krótka;PE;d200;d110;;Doczołowe;
786.;Redukcja krótka;PE;d200;d125;;Doczołowe;
787.;Redukcja krótka;PE;d200;d140;;Doczołowe;
788.;Redukcja krótka;PE;d200;d160;;Doczołowe;
789.;Redukcja długa;PE;d12;d16;d8;Doczołowe;
790.;Redukcja długa;PE;d20;d25;d16;Doczołowe;
791.;Redukcja długa;PE;d20;d25;d20;Doczołowe;
792.;Redukcja długa;PE;d25;d32;d16;Doczołowe;
793.;Redukcja długa;PE;d25;d32;d20;Doczołowe;
794.;Redukcja długa;PE;d25;d32;d25;Doczołowe;
795.;Redukcja długa;PE;d32;d40;d16;Doczołowe;
796.;Redukcja długa;PE;d32;d40;d20;Doczołowe;
797.;Redukcja długa;PE;d32;d40;d25;Doczołowe;
798.;Redukcja długa;PE;d32;d40;d32;Doczołowe;
799.;Redukcja długa;PE;d40;d50;d20;Doczołowe;
800.;Redukcja długa;PE;d40;d50;d25;Doczołowe;
801.;Redukcja długa;PE;d40;d50;d32;Doczołowe;
802.;Redukcja długa;PE;d40;d50;d40;Doczołowe;
803.;Redukcja długa;PE;d50;d63;d32;Doczołowe;
804.;Redukcja długa;PE;d50;d63;d40;Doczołowe;
805.;Redukcja długa;PE;d50;d63;d50;Doczołowe;
806.;Redukcja długa;PE;d50;d63;d63;Doczołowe;
807.;Redukcja długa;PE;d63;d75;d32;Doczołowe;
808.;Redukcja długa;PE;d63;d75;d40;Doczołowe;
809.;Redukcja długa;PE;d63;d75;d50;Doczołowe;
810.;Redukcja długa;PE;d63;d75;d63;Doczołowe;
811.;Redukcja długa;PE;d75;d90;d40;Doczołowe;
812.;Redukcja długa;PE;d75;d90;d50;Doczołowe;
813.;Redukcja długa;PE;d75;d90;d63;Doczołowe;
814.;Redukcja długa;PE;d75;d90;d75;Doczołowe;
815.;Redukcja długa;PE;d90;d110;d50;Doczołowe;
816.;Redukcja długa;PE;d90;d110;d63;Doczołowe;
817.;Redukcja długa;PE;d90;d110;d75;Doczołowe;
818.;Redukcja długa;PE;d90;d110;d90;Doczołowe;
819.;Redukcja długa;PE;d110;d125;d63;Doczołowe;
820.;Redukcja długa;PE;d110;d125;d75;Doczołowe;
821.;Redukcja długa;PE;d110;d125;d90;Doczołowe;
822.;Redukcja długa;PE;d110;d125;d110;Doczołowe;
823.;Kolano (90st);PE;d12;;;Elektrooporowe;
824.;Kolano (90st);PE;d16;;;Elektrooporowe;
825.;Kolano (90st);PE;d20;;;Elektrooporowe;
826.;Kolano (90st);PE;d25;;;Elektrooporowe;
827.;Kolano (90st);PE;d32;;;Elektrooporowe;
828.;Kolano (90st);PE;d40;;;Elektrooporowe;
829.;Kolano (90st);PE;d50;;;Elektrooporowe;
830.;Kolano (90st);PE;d63;;;Elektrooporowe;
831.;Kolano (90st);PE;d75;;;Elektrooporowe;
832.;Kolano (90st);PE;d90;;;Elektrooporowe;
833.;Kolano (90st);PE;d110;;;Elektrooporowe;
834.;Kolano (45st);PE;d12;;;Elektrooporowe;
835.;Kolano (45st);PE;d16;;;Elektrooporowe;
836.;Kolano (45st);PE;d20;;;Elektrooporowe;
837.;Kolano (45st);PE;d25;;;Elektrooporowe;
838.;Kolano (45st);PE;d32;;;Elektrooporowe;
839.;Kolano (45st);PE;d40;;;Elektrooporowe;
840.;Kolano (45st);PE;d50;;;Elektrooporowe;
841.;Kolano (45st);PE;d63;;;Elektrooporowe;
842.;Kolano (45st);PE;d75;;;Elektrooporowe;
843.;Kolano (45st);PE;d90;;;Elektrooporowe;
844.;Kolano (45st);PE;d110;;;Elektrooporowe;
845.;Trójnik;PE;d12;;;Elektrooporowe;
846.;Trójnik;PE;d16;;;Elektrooporowe;
847.;Trójnik;PE;d20;;;Elektrooporowe;
848.;Trójnik;PE;d25;;;Elektrooporowe;
849.;Trójnik;PE;d32;;;Elektrooporowe;
850.;Trójnik;PE;d40;;;Elektrooporowe;
851.;Trójnik;PE;d50;;;Elektrooporowe;
852.;Trójnik;PE;d63;;;Elektrooporowe;
853.;Trójnik;PE;d75;;;Elektrooporowe;
854.;Trójnik;PE;d90;;;Elektrooporowe;
855.;Trójnik;PE;d110;;;Elektrooporowe;
856.;Czwórnik;PE;d12;;;Elektrooporowe;
857.;Czwórnik;PE;d16;;;Elektrooporowe;
858.;Czwórnik;PE;d20;;;Elektrooporowe;
859.;Czwórnik;PE;d25;;;Elektrooporowe;
860.;Czwórnik;PE;d32;;;Elektrooporowe;
861.;Czwórnik;PE;d40;;;Elektrooporowe;
862.;Czwórnik;PE;d50;;;Elektrooporowe;
863.;Czwórnik;PE;d63;;;Elektrooporowe;
864.;Czwórnik;PE;d75;;;Elektrooporowe;
865.;Czwórnik;PE;d90;;;Elektrooporowe;
866.;Czwórnik;PE;d110;;;Elektrooporowe;
867.;Dwuzłączka;PE;d12;;;Elektrooporowe;
868.;Dwuzłączka;PE;d16;;;Elektrooporowe;
869.;Dwuzłączka;PE;d20;;;Elektrooporowe;
870.;Dwuzłączka;PE;d25;;;Elektrooporowe;
871.;Dwuzłączka;PE;d32;;;Elektrooporowe;
872.;Dwuzłączka;PE;d40;;;Elektrooporowe;
873.;Dwuzłączka;PE;d50;;;Elektrooporowe;
874.;Dwuzłączka;PE;d63;;;Elektrooporowe;
875.;Dwuzłączka;PE;d75;;;Elektrooporowe;
876.;Dwuzłączka;PE;d90;;;Elektrooporowe;
877.;Dwuzłączka;PE;d110;;;Elektrooporowe;
878.;Mufa;PE;d12;;;Elektrooporowe;
879.;Mufa;PE;d16;;;Elektrooporowe;
880.;Mufa;PE;d20;;;Elektrooporowe;
881.;Mufa;PE;d25;;;Elektrooporowe;
882.;Mufa;PE;d32;;;Elektrooporowe;
883.;Mufa;PE;d40;;;Elektrooporowe;
884.;Mufa;PE;d50;;;Elektrooporowe;
885.;Mufa;PE;d63;;;Elektrooporowe;
886.;Mufa;PE;d75;;;Elektrooporowe;
887.;Mufa;PE;d90;;;Elektrooporowe;
888.;Mufa;PE;d110;;;Elektrooporowe;
889.;Korek;PE;d12;;;Elektrooporowe;
890.;Korek;PE;d16;;;Elektrooporowe;
891.;Korek;PE;d20;;;Elektrooporowe;
892.;Korek;PE;d25;;;Elektrooporowe;
893.;Korek;PE;d32;;;Elektrooporowe;
894.;Korek;PE;d40;;;Elektrooporowe;
895.;Korek;PE;d50;;;Elektrooporowe;
896.;Korek;PE;d63;;;Elektrooporowe;
897.;Korek;PE;d75;;;Elektrooporowe;
898.;Korek;PE;d90;;;Elektrooporowe;
899.;Korek;PE;d110;;;Elektrooporowe;
900.;Tuleja kołnierzowa;PE;d12;;;Elektrooporowe;
901.;Tuleja kołnierzowa;PE;d16;;;Elektrooporowe;
902.;Tuleja kołnierzowa;PE;d20;;;Elektrooporowe;
903.;Tuleja kołnierzowa;PE;d25;;;Elektrooporowe;
904.;Tuleja kołnierzowa;PE;d32;;;Elektrooporowe;
905.;Tuleja kołnierzowa;PE;d40;;;Elektrooporowe;
906.;Tuleja kołnierzowa;PE;d50;;;Elektrooporowe;
907.;Tuleja kołnierzowa;PE;d63;;;Elektrooporowe;
908.;Tuleja kołnierzowa;PE;d75;;;Elektrooporowe;
909.;Tuleja kołnierzowa;PE;d90;;;Elektrooporowe;
910.;Tuleja kołnierzowa;PE;d110;;;Elektrooporowe;
911.;Kołnierz;PE;d12;;;Elektrooporowe;
912.;Kołnierz;PE;d16;;;Elektrooporowe;
913.;Kołnierz;PE;d20;;;Elektrooporowe;
914.;Kołnierz;PE;d25;;;Elektrooporowe;
915.;Kołnierz;PE;d32;;;Elektrooporowe;
916.;Kołnierz;PE;d40;;;Elektrooporowe;
917.;Kołnierz;PE;d50;;;Elektrooporowe;
918.;Kołnierz;PE;d63;;;Elektrooporowe;
919.;Kołnierz;PE;d75;;;Elektrooporowe;
920.;Kołnierz;PE;d90;;;Elektrooporowe;
921.;Kołnierz;PE;d110;;;Elektrooporowe;
922.;Złączka węża;PE;d12;d12;;Elektrooporowe;
923.;Złączka węża;PE;d16;d16;;Elektrooporowe;
924.;Złączka węża;PE;d20;d20;;Elektrooporowe;
925.;Złączka węża;PE;d25;d25;;Elektrooporowe;
926.;Złączka węża;PE;d32;d32;;Elektrooporowe;
927.;Złączka węża;PE;d40;d40;;Elektrooporowe;
928.;Złączka węża;PE;d50;d50;;Elektrooporowe;
929.;Złączka węża;PE;d63;d63;;Elektrooporowe;
930.;Redukcja krótka;PE;d16;d12;;Elektrooporowe;
931.;Redukcja krótka;PE;d20;d10;;Elektrooporowe;
932.;Redukcja krótka;PE;d20;d12;;Elektrooporowe;
933.;Redukcja krótka;PE;d20;d16;;Elektrooporowe;
934.;Redukcja krótka;PE;d25;d12;;Elektrooporowe;
935.;Redukcja krótka;PE;d25;d16;;Elektrooporowe;
936.;Redukcja krótka;PE;d25;d20;;Elektrooporowe;
937.;Redukcja krótka;PE;d32;d16;;Elektrooporowe;
938.;Redukcja krótka;PE;d32;d20;;Elektrooporowe;
939.;Redukcja krótka;PE;d32;d25;;Elektrooporowe;
940.;Redukcja krótka;PE;d40;d16;;Elektrooporowe;
941.;Redukcja krótka;PE;d40;d20;;Elektrooporowe;
942.;Redukcja krótka;PE;d40;d25;;Elektrooporowe;
943.;Redukcja krótka;PE;d40;d32;;Elektrooporowe;
944.;Redukcja krótka;PE;d50;d20;;Elektrooporowe;
945.;Redukcja krótka;PE;d50;d25;;Elektrooporowe;
946.;Redukcja krótka;PE;d50;d32;;Elektrooporowe;
947.;Redukcja krótka;PE;d50;d40;;Elektrooporowe;
948.;Redukcja krótka;PE;d63;d32;;Elektrooporowe;
949.;Redukcja krótka;PE;d63;d40;;Elektrooporowe;
950.;Redukcja krótka;PE;d63;d50;;Elektrooporowe;
951.;Redukcja krótka;PE;d75;d32;;Elektrooporowe;
952.;Redukcja krótka;PE;d75;d40;;Elektrooporowe;
953.;Redukcja krótka;PE;d75;d50;;Elektrooporowe;
954.;Redukcja krótka;PE;d75;d63;;Elektrooporowe;
955.;Redukcja krótka;PE;d90;d50;;Elektrooporowe;
956.;Redukcja krótka;PE;d90;d63;;Elektrooporowe;
957.;Redukcja krótka;PE;d90;d75;;Elektrooporowe;
958.;Redukcja krótka;PE;d110;d50;;Elektrooporowe;
959.;Redukcja krótka;PE;d110;d63;;Elektrooporowe;
960.;Redukcja krótka;PE;d110;d75;;Elektrooporowe;
961.;Redukcja krótka;PE;d110;d90;;Elektrooporowe;
962.;Redukcja krótka;PE;d125;d75;;Elektrooporowe;
963.;Redukcja krótka;PE;d125;d90;;Elektrooporowe;
964.;Redukcja krótka;PE;d125;d110;;Elektrooporowe;
965.;Redukcja krótka;PE;d140;d75;;Elektrooporowe;
966.;Redukcja krótka;PE;d140;d90;;Elektrooporowe;
967.;Redukcja krótka;PE;d140;d110;;Elektrooporowe;
968.;Redukcja krótka;PE;d140;d125;;Elektrooporowe;
969.;Redukcja krótka;PE;d160;d90;;Elektrooporowe;
970.;Redukcja krótka;PE;d160;d110;;Elektrooporowe;
971.;Redukcja krótka;PE;d160;d125;;Elektrooporowe;
972.;Redukcja krótka;PE;d160;d140;;Elektrooporowe;
973.;Redukcja krótka;PE;d200;d110;;Elektrooporowe;
974.;Redukcja krótka;PE;d200;d125;;Elektrooporowe;
975.;Redukcja krótka;PE;d200;d140;;Elektrooporowe;
976.;Redukcja krótka;PE;d200;d160;;Elektrooporowe;
977.;Redukcja długa;PE;d12;d16;d8;Elektrooporowe;
978.;Redukcja długa;PE;d20;d25;d16;Elektrooporowe;
979.;Redukcja długa;PE;d20;d25;d20;Elektrooporowe;
980.;Redukcja długa;PE;d25;d32;d16;Elektrooporowe;
981.;Redukcja długa;PE;d25;d32;d20;Elektrooporowe;
982.;Redukcja długa;PE;d25;d32;d25;Elektrooporowe;
983.;Redukcja długa;PE;d32;d40;d16;Elektrooporowe;
984.;Redukcja długa;PE;d32;d40;d20;Elektrooporowe;
985.;Redukcja długa;PE;d32;d40;d25;Elektrooporowe;
986.;Redukcja długa;PE;d32;d40;d32;Elektrooporowe;
987.;Redukcja długa;PE;d40;d50;d20;Elektrooporowe;
988.;Redukcja długa;PE;d40;d50;d25;Elektrooporowe;
989.;Redukcja długa;PE;d40;d50;d32;Elektrooporowe;
990.;Redukcja długa;PE;d40;d50;d40;Elektrooporowe;
991.;Redukcja długa;PE;d50;d63;d32;Elektrooporowe;
992.;Redukcja długa;PE;d50;d63;d40;Elektrooporowe;
993.;Redukcja długa;PE;d50;d63;d50;Elektrooporowe;
994.;Redukcja długa;PE;d50;d63;d63;Elektrooporowe;
995.;Redukcja długa;PE;d63;d75;d32;Elektrooporowe;
996.;Redukcja długa;PE;d63;d75;d40;Elektrooporowe;
997.;Redukcja długa;PE;d63;d75;d50;Elektrooporowe;
998.;Redukcja długa;PE;d63;d75;d63;Elektrooporowe;
999.;Redukcja długa;PE;d75;d90;d40;Elektrooporowe;
1000.;Redukcja długa;PE;d75;d90;d50;Elektrooporowe;
1001.;Redukcja długa;PE;d75;d90;d63;Elektrooporowe;
1002.;Redukcja długa;PE;d75;d90;d75;Elektrooporowe;
1003.;Redukcja długa;PE;d90;d110;d50;Elektrooporowe;
1004.;Redukcja długa;PE;d90;d110;d63;Elektrooporowe;
1005.;Redukcja długa;PE;d90;d110;d75;Elektrooporowe;
1006.;Redukcja długa;PE;d90;d110;d90;Elektrooporowe;
1007.;Redukcja długa;PE;d110;d125;d63;Elektrooporowe;
1008.;Redukcja długa;PE;d110;d125;d75;Elektrooporowe;
1009.;Redukcja długa;PE;d110;d125;d90;Elektrooporowe;
1010.;Redukcja długa;PE;d110;d125;d110;Elektrooporowe;
